title,description,descriptionHTML,summary,installs,minInstalls,realInstalls,score,ratings,reviews,histogram,price,free,currency,sale,saleTime,originalPrice,saleText,offersIAP,inAppProductPrice,developer,developerId,developerEmail,developerWebsite,developerAddress,privacyPolicy,genre,genreId,categories,icon,headerImage,screenshots,video,videoImage,contentRating,contentRatingDescription,adSupported,containsAds,released,lastUpdatedOn,updated,version,appId,url
Any.do - To do list & Calendar,"ü•á <b>""#1 to do list app out there‚Äù</b> - WSJ
üèÜ <b>Editor's Choice</b> by Google

Over 40M people rely on Any.do to stay organized and get more done.
It's a simple to do list app with reminders, a planner & calendar - all in one.

<b>ü•á ""A MUST HAVE APP"" (Lifehacker, NYTimes, USA TODAY).</b>

Any.do is a free to-do list, planner & calendar app for managing and organizing your daily tasks, to-do lists, notes, reminders, checklists, calendar events, grocery lists, and more.

Organize your tasks & to-do list

‚Ä¢ ADVANCED CALENDAR & DAILY PLANNER - Keep your to-do list and calendar events always at hand with our calendar widget. Any.do to-do list & planner support daily calendar view, 3-day Calendar view, Weekly calendar view & agenda view, with built-in reminders. Review and organize your calendar events and to do list side by side.

‚Ä¢ SYNCS SEAMLESSLY - Keeps all your to do list, tasks, reminders, notes, calendar & agenda always in sync so you‚Äôll never forget a thing. Sync your phone‚Äôs calendar, google calendar, Facebook events, outlook calendar, or any other calendar so you don‚Äôt forget an important event. Even on your Wear OS device.

‚Ä¢ SET REMINDERS - One-time reminders, recurring reminders, Location reminders & voice reminders. NEW! Easily create tasks and get reminders in WhatsApp.

‚Ä¢ WORK TOGETHER - Share your to do list and assign tasks with your friends, family & colleagues from your task list to collaborate and get more done. 

---

ALL-IN-ONE PLANNER AND CALENDAR APP FOR GETTING THINGS DONE
Create and set reminders with voice to your to do list. 
For better task management flow we added a calendar integration to keep your agenda always up to date. 
For better productivity, we added recurring reminders, location reminders, one-time reminders, sub-tasks, notes & file attachments. 
To keep your to do list up to date, we‚Äôve added a daily planner and focus mode.

INTEGRATIONS
Any.do To do list, Calendar, planner & Reminders Integrates with Google Calendar, Outlook, WhatsApp, Slack, Gmail, Google Tasks, Evernote, Trello, Wunderlist, Todoist, Zapier, Asana, Microsoft to-do, Salesforce, OneNote, Google Assistant, Amazon Alexa, Office 365, Exchange, Jira & More.

TO DO LIST, CALENDAR, PLANNER & REMINDERS MADE SIMPLE
Designed to keep you on top of your to do list, tasks and calendar events with no hassle. With intuitive drag and drop of tasks, swiping to mark to-do's as complete, and shaking your device to remove completed from your to do list - you can stay organized and enjoy every minute of it.

POWERFUL TO DO LIST TASK MANAGEMENT
Add a to do list item straight from your email / Gmail / Outlook inbox by forwarding do@Any.do. Attach files from your computer, Dropbox, or Google Drive to your to-tasks.

DAILY PLANNER AND LIFE ORGANIZER
Any.do is a to do list, a calendar, an inbox, a notepad, a checklist, a task list, a board for post its or sticky notes, a task & project management tool, a reminder app, a daily planner, a family organizer, an agenda, a bill planner and overall the simplest productivity tool you will ever have. 

SHARE LISTS, ASSIGN & ORGANIZE TASKS
Planning & organizing projects has never been easier. Now you can share lists between family members, assign tasks to each other, chat, and much more. Any.do will help you and the people around you stay in sync and get reminders so that you can focus on what matters, knowing you had a productive day and crossed off your to do list.

GROCERY LIST AND SHOPPING LIST
Any.do task list, calendar, agenda, reminders & planner is also great for shopping lists at the grocery store. Simply create a list on Any.do, share it with your loved ones, and see them adding their shopping items in real time.","ü•á <b>&quot;#1 to do list app out there‚Äù</b> - WSJ<br>üèÜ <b>Editor&#39;s Choice</b> by Google<br><br>Over 40M people rely on Any.do to stay organized and get more done.<br>It&#39;s a simple to do list app with reminders, a planner &amp; calendar - all in one.<br><br><b>ü•á &quot;A MUST HAVE APP&quot; (Lifehacker, NYTimes, USA TODAY).</b><br><br>Any.do is a free to-do list, planner &amp; calendar app for managing and organizing your daily tasks, to-do lists, notes, reminders, checklists, calendar events, grocery lists, and more.<br><br>Organize your tasks &amp; to-do list<br><br>‚Ä¢ ADVANCED CALENDAR &amp; DAILY PLANNER - Keep your to-do list and calendar events always at hand with our calendar widget. Any.do to-do list &amp; planner support daily calendar view, 3-day Calendar view, Weekly calendar view &amp; agenda view, with built-in reminders. Review and organize your calendar events and to do list side by side.<br><br>‚Ä¢ SYNCS SEAMLESSLY - Keeps all your to do list, tasks, reminders, notes, calendar &amp; agenda always in sync so you‚Äôll never forget a thing. Sync your phone‚Äôs calendar, google calendar, Facebook events, outlook calendar, or any other calendar so you don‚Äôt forget an important event. Even on your Wear OS device.<br><br>‚Ä¢ SET REMINDERS - One-time reminders, recurring reminders, Location reminders &amp; voice reminders. NEW! Easily create tasks and get reminders in WhatsApp.<br><br>‚Ä¢ WORK TOGETHER - Share your to do list and assign tasks with your friends, family &amp; colleagues from your task list to collaborate and get more done. <br><br>---<br><br>ALL-IN-ONE PLANNER AND CALENDAR APP FOR GETTING THINGS DONE<br>Create and set reminders with voice to your to do list. <br>For better task management flow we added a calendar integration to keep your agenda always up to date. <br>For better productivity, we added recurring reminders, location reminders, one-time reminders, sub-tasks, notes &amp; file attachments. <br>To keep your to do list up to date, we‚Äôve added a daily planner and focus mode.<br><br>INTEGRATIONS<br>Any.do To do list, Calendar, planner &amp; Reminders Integrates with Google Calendar, Outlook, WhatsApp, Slack, Gmail, Google Tasks, Evernote, Trello, Wunderlist, Todoist, Zapier, Asana, Microsoft to-do, Salesforce, OneNote, Google Assistant, Amazon Alexa, Office 365, Exchange, Jira &amp; More.<br><br>TO DO LIST, CALENDAR, PLANNER &amp; REMINDERS MADE SIMPLE<br>Designed to keep you on top of your to do list, tasks and calendar events with no hassle. With intuitive drag and drop of tasks, swiping to mark to-do&#39;s as complete, and shaking your device to remove completed from your to do list - you can stay organized and enjoy every minute of it.<br><br>POWERFUL TO DO LIST TASK MANAGEMENT<br>Add a to do list item straight from your email / Gmail / Outlook inbox by forwarding do@Any.do. Attach files from your computer, Dropbox, or Google Drive to your to-tasks.<br><br>DAILY PLANNER AND LIFE ORGANIZER<br>Any.do is a to do list, a calendar, an inbox, a notepad, a checklist, a task list, a board for post its or sticky notes, a task &amp; project management tool, a reminder app, a daily planner, a family organizer, an agenda, a bill planner and overall the simplest productivity tool you will ever have. <br><br>SHARE LISTS, ASSIGN &amp; ORGANIZE TASKS<br>Planning &amp; organizing projects has never been easier. Now you can share lists between family members, assign tasks to each other, chat, and much more. Any.do will help you and the people around you stay in sync and get reminders so that you can focus on what matters, knowing you had a productive day and crossed off your to do list.<br><br>GROCERY LIST AND SHOPPING LIST<br>Any.do task list, calendar, agenda, reminders &amp; planner is also great for shopping lists at the grocery store. Simply create a list on Any.do, share it with your loved ones, and see them adding their shopping items in real time.","Simple planner with to-do list, tasks, reminders, checklists, calendar & agenda","10,000,000+",10000000,30385350,4.3986993,485658,36047,"[35212, 12047, 22577, 69847, 345958]",0,True,USD,False,,,,True,$0.99 - $99.99 per item,Any.do To-do list & Calendar,5304780265295461149,feedback+androidtodo@any.do,https://www.any.do,"Any.do Inc.

156 Begin St. 22nd floor, Tel Aviv, Israel",https://www.any.do/legal/privacy-policy,Productivity,PRODUCTIVITY,"[{'name': 'Productivity', 'id': 'PRODUCTIVITY'}]",https://play-lh.googleusercontent.com/rmzeq_sIQ0Ajs1R0Dx1FhZevoTgnWfY_enZ1AOkBRdhAjnwFqekzw-o-B2rTRyO0XA,https://play-lh.googleusercontent.com/HMSRtseOEJF9U57Pos_3q2eW_D2_s8anCaJRTnT64b__ufotstirWqWzVnN17mPNzg,"['https://play-lh.googleusercontent.com/wsb0X9LBY9jbx_RXiUs2wdfyJH9qwNRa_Zk8Nl6vqfPfH1fPjK0M5QVShqothfJx7Ak', 'https://play-lh.googleusercontent.com/epnpzkILaORuJiCXCQ7WSpvSOQu4SpmollTqY89WWvPPzcJ76XShNVW09dtp2iHuV1Py', 'https://play-lh.googleusercontent.com/gm9mGK3tEJNwPmLG6ZQx3d8HUVOTcZVpbB8Xc7DbICyf4v5kGYEEV-uLAT-Yi1KHVJE', 'https://play-lh.googleusercontent.com/lhmSqZPVDkUy8UGnrkir7Sk-lszM0UkjCTGVgbnbzYTwafuk4I3ULSGBdUH1FBUOCww', 'https://play-lh.googleusercontent.com/p2XbieAuapBsbizaBiO9oYYOGloRVC7ybu6B_OCMEWEincz959IbumhaRsCk5xUIbQ', 'https://play-lh.googleusercontent.com/Tlpa8JidaJCyOytUF00jxsZIgcAo387uWGijhYgkpc_WDfo5fhdTXuih0IzYLoba_Q', 'https://play-lh.googleusercontent.com/3kgYfFwVbPKcVHDxI_L21CqGi36iTObsjEqbancZq-Fu3SSsaIFqdjvcFT8f2c0Vb0M', 'https://play-lh.googleusercontent.com/GhD1C0yj5a9v0-Uj87BKDVZBBSG094fyc7s5R3BmESVUoxiF9CicJcU-IWDYJRApIg', 'https://play-lh.googleusercontent.com/Egq1oWZF3CHZe1cw3_J5Bf843GV5ZszWkPjFDJz7xYnpfKKpYlakSRpGPGu1-PKLRzM', 'https://play-lh.googleusercontent.com/Lq8Hog5P23Cx_zhsJhw7b3H66zdqX_wHsLiaOUYHeZ3wIayDRmlxFEI0fxirDHcaoVJd', 'https://play-lh.googleusercontent.com/TzBzayivG92JmuHXGqnzw6292JmmyFYPH63NPd_-KusTnsOYlaUQFgxAkI1os4ykVT8', 'https://play-lh.googleusercontent.com/fyjt_rfJLBTcuoMoFSbJ71klX3uU9eAr-Fx326hvHLflohCGvJadkkjEgO9DsIECGNPn', 'https://play-lh.googleusercontent.com/yq_7B3690DGT9a3WBWZfxN0555XQjbPJF_1cJlXBhHk7UKExQiAY8gRP4uOMF4o8Y2xK', 'https://play-lh.googleusercontent.com/LoxGVQshOgIsw-eDw2-h7txyJ-YNtvJ0ytndtvQPsM4jhPsrAq7pI_oSNjQYybDJ8IQ', 'https://play-lh.googleusercontent.com/3YWr1krEcasMlEBN9GkugSu61q6GxvQ_eCbd63v5Nqp2O1Lag-ZGTHmJmOGFUxhB5Q4', 'https://play-lh.googleusercontent.com/1JscXh8WSCRaQtviLiEr-JDCN8KdaqhOlqaJWzIp4oW-RaAIlAiCsvizlC62jx7Mem4', 'https://play-lh.googleusercontent.com/I2tF42azSzHXOihYJv9FsvGOKb0D7-xPhBb6NaxSDZt8yyO_Rs16gPVFK7VZ-njrWw', 'https://play-lh.googleusercontent.com/vrVgO6-iYTma8itjw_3NsUegLyABVkcN8PFPwlxHx56MltqJdKxoVUFtwkKLTlJGHoQ', 'https://play-lh.googleusercontent.com/wQQwqDvwj5FlTKDCrrTPTVbx_rk4YZ7-T6NDgfSs9OLrZ92pbgounIL1nJ1GlduTa6k', 'https://play-lh.googleusercontent.com/R3-0IIqzSJGsOPfBtLTOZ0ktPJfFJehQ48ARg3q4uRDn7dSGJA0KUAy9rFDgydmLYkGr', 'https://play-lh.googleusercontent.com/L3nv-QGvuDakDWoDo8BhHFnNl8ccun8NOCP76XZEk6EHYTU0o-_CywdYjKC32F_b7M5V', 'https://play-lh.googleusercontent.com/VlNP7PasHV-QKx_eQxuWlsCvCmPOWYC_g8jS3CR5nk374UdB52DxY8z4OUsBsKB8-A', 'https://play-lh.googleusercontent.com/GpiBMKRi3EHkjzFpzX9k2QU1Z4t5wu9fIqyTds-JQ7VUPhwV_-s-_80JV1K6R2WiVb8', 'https://play-lh.googleusercontent.com/4sr45hJRND2pVP6jR3y71NLGoaf8AVPTYP3Z6GQa3F_oF_Wj93D55PLH07b9jyZxh0A', 'https://play-lh.googleusercontent.com/2ScF6NgZIlbZlSjmPELym746_dcw9EE9G5WpU6PO6QdAo4dE_OcaZq2RItYVI_W2P-A']",,,Everyone,,False,False,"Nov 10, 2011","Jun 30, 2024",1719732827,Varies with device,com.anydo,https://play.google.com/store/apps/details?id=com.anydo&hl=en&gl=us
Todoist: to-do list & planner,"Trusted by over 42 million people, Todoist simplifies task management for individuals and teams. Instantly declutter your mind, boost productivity and build habits with Todoist. 

With a simple tap, add your tasks and set reminders, enjoy multiple views like calendar, list and board, filter tasks by work and/or personal life, collaborate on projects, and achieve peace of mind. 

Why choose Todoist?
‚Ä¢ Add tasks like ‚ÄúPlan next week‚Äôs work every Friday afternoon‚Äù or ‚ÄúDo kid's homework every Wednesday at 6pm‚Äù using Todoist‚Äôs powerful language recognition and recurring due dates.
‚Ä¢ Reach that mental clarity you‚Äôve been longing for by capturing tasks at the speed of thought.
‚Ä¢ View any project as a list, board or calendar to give you ultimate flexibility when planning both your tasks and your time. 
‚Ä¢ Available on any device ‚Äì with apps, extensions, and widgets ‚Äì Todoist is everywhere you need it to be. 
‚Ä¢ Link Todoist with your calendar, voice assistant, and 60+ other tools such as Outlook, Gmail, and Slack.
‚Ä¢ Collaborate on projects of all sizes by assigning tasks to others. Have everything at hand by adding comments, voice notes, and files.
‚Ä¢ We‚Äôve done the planning for you, with templates to help tackle everything from meeting agendas and accounting tasks, to packing lists and wedding planning.
‚Ä¢ Instantly see what‚Äôs most important by setting visual task priority levels.
‚Ä¢ Get to know yourself better with insights into your personalized productivity trends.

Todoist on Android
‚Ä¢ Todoist is beautifully designed, simple to get started and intuitive to use. 
‚Ä¢ Stay organized from your to-do list via your phone, tablet, and Wear OS watch while also syncing across desktop and all other devices.
‚Ä¢ Simply type details like ""tomorrow at 4pm"" and Todoist will recognize it all for you.
‚Ä¢ Location-based reminders available on upgrade. Never forget an errand again. 
‚Ä¢ All the power from Android: task list widget, productivity widget, Quick Add tile, and notifications.
‚Ä¢ And the best from Wear OS: Day Progress tile and multiple complications.

Questions? Feedback? Visit get.todoist.help or reach out on Twitter @todoist.

Recommended by Wirecutter, The Verge, PC Mag and more as the top choice for task management. 

The Verge: ‚Äúsimple, straightforward, and super powerful‚Äù

Wirecutter: ‚Äúit‚Äôs simply a joy to use‚Äù

PC Mag: ‚Äúthe best to-do list app on the market‚Äù

TechRadar: ‚Äúnothing short of stellar‚Äù

Use Todoist to plan or track anything
‚Ä¢ Daily reminders
‚Ä¢ Project Calendars
‚Ä¢ Habit tracker
‚Ä¢ Daily planner
‚Ä¢ Weekly planner
‚Ä¢ Holiday planner
‚Ä¢ Grocery list
‚Ä¢ Project management
‚Ä¢ Chore tracker
‚Ä¢ Task manager
‚Ä¢ Study planner
‚Ä¢ Bill planner
‚Ä¢ Shopping list
‚Ä¢ Task management
‚Ä¢ Business planning
‚Ä¢ To-do list 
‚Ä¢ And more

Todoist is flexible and loaded with features, so no matter what you require from your task planner or to-do list, Todoist can help you organize your work and life.

*About Pro plan billing*:
Todoist is free. But if you choose to upgrade to the Pro plan, payment will be charged to your Google Play account, and your account will be charged for renewal within 24 hours prior to the end of the current period. You can choose to be billed monthly or yearly. You can turn off auto-renew in your Google Play settings any time after purchase.","Trusted by over 42 million people, Todoist simplifies task management for individuals and teams. Instantly declutter your mind, boost productivity and build habits with Todoist. <br><br>With a simple tap, add your tasks and set reminders, enjoy multiple views like calendar, list and board, filter tasks by work and/or personal life, collaborate on projects, and achieve peace of mind. <br><br>Why choose Todoist?<br>‚Ä¢ Add tasks like ‚ÄúPlan next week‚Äôs work every Friday afternoon‚Äù or ‚ÄúDo kid&#39;s homework every Wednesday at 6pm‚Äù using Todoist‚Äôs powerful language recognition and recurring due dates.<br>‚Ä¢ Reach that mental clarity you‚Äôve been longing for by capturing tasks at the speed of thought.<br>‚Ä¢ View any project as a list, board or calendar to give you ultimate flexibility when planning both your tasks and your time. <br>‚Ä¢ Available on any device ‚Äì with apps, extensions, and widgets ‚Äì Todoist is everywhere you need it to be. <br>‚Ä¢ Link Todoist with your calendar, voice assistant, and 60+ other tools such as Outlook, Gmail, and Slack.<br>‚Ä¢ Collaborate on projects of all sizes by assigning tasks to others. Have everything at hand by adding comments, voice notes, and files.<br>‚Ä¢ We‚Äôve done the planning for you, with templates to help tackle everything from meeting agendas and accounting tasks, to packing lists and wedding planning.<br>‚Ä¢ Instantly see what‚Äôs most important by setting visual task priority levels.<br>‚Ä¢ Get to know yourself better with insights into your personalized productivity trends.<br><br>Todoist on Android<br>‚Ä¢ Todoist is beautifully designed, simple to get started and intuitive to use. <br>‚Ä¢ Stay organized from your to-do list via your phone, tablet, and Wear OS watch while also syncing across desktop and all other devices.<br>‚Ä¢ Simply type details like &quot;tomorrow at 4pm&quot; and Todoist will recognize it all for you.<br>‚Ä¢ Location-based reminders available on upgrade. Never forget an errand again. <br>‚Ä¢ All the power from Android: task list widget, productivity widget, Quick Add tile, and notifications.<br>‚Ä¢ And the best from Wear OS: Day Progress tile and multiple complications.<br><br>Questions? Feedback? Visit get.todoist.help or reach out on Twitter @todoist.<br><br>Recommended by Wirecutter, The Verge, PC Mag and more as the top choice for task management. <br><br>The Verge: ‚Äúsimple, straightforward, and super powerful‚Äù<br><br>Wirecutter: ‚Äúit‚Äôs simply a joy to use‚Äù<br><br>PC Mag: ‚Äúthe best to-do list app on the market‚Äù<br><br>TechRadar: ‚Äúnothing short of stellar‚Äù<br><br>Use Todoist to plan or track anything<br>‚Ä¢ Daily reminders<br>‚Ä¢ Project Calendars<br>‚Ä¢ Habit tracker<br>‚Ä¢ Daily planner<br>‚Ä¢ Weekly planner<br>‚Ä¢ Holiday planner<br>‚Ä¢ Grocery list<br>‚Ä¢ Project management<br>‚Ä¢ Chore tracker<br>‚Ä¢ Task manager<br>‚Ä¢ Study planner<br>‚Ä¢ Bill planner<br>‚Ä¢ Shopping list<br>‚Ä¢ Task management<br>‚Ä¢ Business planning<br>‚Ä¢ To-do list <br>‚Ä¢ And more<br><br>Todoist is flexible and loaded with features, so no matter what you require from your task planner or to-do list, Todoist can help you organize your work and life.<br><br>*About Pro plan billing*:<br>Todoist is free. But if you choose to upgrade to the Pro plan, payment will be charged to your Google Play account, and your account will be charged for renewal within 24 hours prior to the end of the current period. You can choose to be billed monthly or yearly. You can turn off auto-renew in your Google Play settings any time after purchase.","Simple yet powerful to-do list, habit tracker & reminders. Organize work & life.","10,000,000+",10000000,41360186,4.4244127,267578,16095,"[20224, 7392, 11388, 28141, 200420]",0,True,USD,False,,,,True,$0.99 - $48.00 per item,Doist Inc.,4949773854634494965,support@todoist.com,http://todoist.com,"2100 Geng Road, Suite 210
Palo Alto, CA 94303
United States",https://todoist.com/privacy,Productivity,PRODUCTIVITY,"[{'name': 'Productivity', 'id': 'PRODUCTIVITY'}]",https://play-lh.googleusercontent.com/GK0SwEBVqlFBpRkPjY6y_1go6E6xZzAN0Ivzfgbuf28J4TTOoOsgWnqR4oJ_RhIhsg,https://play-lh.googleusercontent.com/Me8C870Hq7mrZVyKFhN6Sqh-YR_HQOUC59E2hS2NN2MNFIT3rRYuRzpXsvHKYkNsVA,"['https://play-lh.googleusercontent.com/6MiNyFwWm88vGe9AvJVxG3dIlkUvGtPiFJ_qfSuyZ3d2VCOdBI6qRvWZqyuyNwaM7zA', 'https://play-lh.googleusercontent.com/7JqavaZhuA_aOTTB8mCKK_ZSRza9ilhshfyYlDYSqQ7ukAsP2tfw5iqKwnMAg78Z39o', 'https://play-lh.googleusercontent.com/Vf5A9yqzP8oOpTeAdE_w7EftkJH3EeStc7hZB6fNHGfholvD9KNDxeio8pli5xvq35qu', 'https://play-lh.googleusercontent.com/t5pDHXRqb9GIfN_MBHHwpW7JP19DIWl9RAT6s4X-zs4hsL1qUVxeOYR-MOg-2Jv0vA', 'https://play-lh.googleusercontent.com/lCSIJyOYyvDuBRHw-GiSVFY3kkj2LTcXL9L4ySToqUbnoZ5wIEue81yowQ73LOWHcDk', 'https://play-lh.googleusercontent.com/gaDa-lYOzXb1ew0_jubKO99nvmPnPk17DiPz1_e_j8cw1QjHrgeohJdEW2PJvB_LNA', 'https://play-lh.googleusercontent.com/zRR6OcFg5ATr-8uSuUqxLFVs1lhz3bDevmPfomzMCb55fBZmUNS-U5e_GR3n7vpXLYs', 'https://play-lh.googleusercontent.com/Mr_IgxDj62Atq-R-xi_0j_Z5S2-jHAmuv8QPnGniuQJv9mD97jUresziQvwrxw7EsT0', 'https://play-lh.googleusercontent.com/ERKB1oTKlrMlwE9Gvj4Bxp7_M5bTy-ZovMmQdXvzKgJ38FATuUsKdS0i_fLW1E9rVdJG', 'https://play-lh.googleusercontent.com/gomxjlYmZBci8Ky9kDOsM8nbx3Mzs-uAqgpPSNQgXar90tUvdTnWjDjb7qYh6IISEA', 'https://play-lh.googleusercontent.com/Cv72mAh0k9n-egaMEfKnDNOUyVLnGJDCXt3ts5PIrbtzF4OtEAO8d4xhTl1VBFMQWg8', 'https://play-lh.googleusercontent.com/fqrElESlNE_WHc66ypwxFglMlIfS4unQrvCKTQD2P24jlFJEGN-AY699wBu1ifxf-Q1T', 'https://play-lh.googleusercontent.com/h90ybudSKXmOeCRfA6H7c-bcB0Hw7pHzqbMElfcZ72pg3JXIRZGSJE6c4lisHfLA8GaM', 'https://play-lh.googleusercontent.com/j5L8SmxbpjrCm-_laD_kt9_SMHPJNjdlrCSZqIPgfgJRSwtA86Uj44ghpBu7oV-b8lWK']",https://www.youtube.com/embed/9Q924FCq9xs?ps=play&vq=large&rel=0&autohide=1&showinfo=0,https://play-lh.googleusercontent.com/Me8C870Hq7mrZVyKFhN6Sqh-YR_HQOUC59E2hS2NN2MNFIT3rRYuRzpXsvHKYkNsVA,Everyone,,False,False,"Nov 18, 2012","Aug 1, 2024",1722500823,Varies with device,com.todoist,https://play.google.com/store/apps/details?id=com.todoist&hl=en&gl=us
TickTick:To Do List & Calendar,"ü•á Great to-do list app for new Android device - The Verge
ü•á The best to-do app for Android - MakeUseOf
ü•á The best to-do list app for 2020 - Wirecutter (A New York Times Company)
üôå MKBHD's favorite productivity tool

TickTick is your personal productivity powerhouse, expertly designed to simplify your life and supercharge your efficiency. This multi-dimensional task manager brings together all your to-dos, schedules, and reminders in one intuitive space, letting you manage time and tasks seamlessly whether you're at home, at work, or on the go. Discover a smarter, streamlined way to stay organized and make every moment count with TickTick

TickTick helps you make the most of your day and get things done (GTD). Whether there is an idea you want to capture, personal goals to achieve, work to accomplish, habits to track, projects to collaborate with colleagues, or even a shopping list to share with family (with the help of a list maker). Achieve your goals with our productivity planner.

üí° Easy to use
TickTick is easy to get started with its intuitive design and personalized features. Add tasks and reminders in mere seconds, and then focus on things that really matter.

üçÖ Stay focused with Pomodoro Timer
It logs distractions, aiding your concentration at work. Try our white noise feature for even better focus

üéØ Habit Tracker
Enable Habit in the Tab Bar and start building some good habits - meditation, exercise, or reading etc. Setting a goal to help track your habits and life in a more precise and scientific way. 

‚òÅÔ∏è Sync across Web, Android, Wear OS Watch, iOS, Mac & PC
You can view and manage them wherever you are to achieve your goals more efficiently.

üéôÔ∏è Create tasks and notes faster
Quickly generate tasks and notes with typing or voice in TickTick. Our Smart Date Parsing auto-sets due dates and alarms from your input, maximizing your productivity with our efficient time manager and to-do checklist.

‚è∞ Instant task to-do list reminder
Delegate your memory to TickTick. It records all your tasks, providing immediate to-do list reminders to help you get things done. With multiple alerts for vital tasks and notes, you'll never overlook a deadline again

üìÜ Sleek calendar
Enjoy a clean, easy-to-navigate calendar with TickTick. Visualize your schedule weeks or months ahead with our free Day Planner. Integrate third-party calendars like Google Calendar and Outlook for maximum efficiency

üì± Handy Widget
Get easy access to your tasks and notes by adding widgets to your home screen.

üîÅ Schedule recurring tasks effortlessly
Whether it's daily, weekly, or monthly, you can tailor the repetition, such as ‚Äúevery 2 weeks from Monday to Thursday‚Äù,  or ‚Äúproject meeting every 2 months on the first Monday‚Äù

üë• Seamless collaboration
Share lists and assign tasks to family, friends, or colleagues, reducing time spent in meetings or emails and enhancing productivity in teamwork.

What to enjoy more at TickTick Premium?
‚Ä¢ Choose from a variety of beautiful themes
‚Ä¢ View business calendar in grid format (better than in other time management apps)
‚Ä¢ Take ultimate control of 299 lists, 999 tasks per list, and 199 subtasks per task
‚Ä¢ Add up to 5 reminders to each task
‚Ä¢ Share a task list planner with up to 29 members
‚Ä¢ Use the checklist format and type a description in the same task
‚Ä¢ Subscribe to third-party calendars and day planners in TickTick


Learn more about at: ticktick.com

Connect with us at
Twitter: <u>@ticktick</u>
Facebook & Instagram: @TickTickApp 
Reddit: r/ticktick","ü•á Great to-do list app for new Android device - The Verge<br>ü•á The best to-do app for Android - MakeUseOf<br>ü•á The best to-do list app for 2020 - Wirecutter (A New York Times Company)<br>üôå MKBHD&#39;s favorite productivity tool<br><br>TickTick is your personal productivity powerhouse, expertly designed to simplify your life and supercharge your efficiency. This multi-dimensional task manager brings together all your to-dos, schedules, and reminders in one intuitive space, letting you manage time and tasks seamlessly whether you&#39;re at home, at work, or on the go. Discover a smarter, streamlined way to stay organized and make every moment count with TickTick<br><br>TickTick helps you make the most of your day and get things done (GTD). Whether there is an idea you want to capture, personal goals to achieve, work to accomplish, habits to track, projects to collaborate with colleagues, or even a shopping list to share with family (with the help of a list maker). Achieve your goals with our productivity planner.<br><br>üí° Easy to use<br>TickTick is easy to get started with its intuitive design and personalized features. Add tasks and reminders in mere seconds, and then focus on things that really matter.<br><br>üçÖ Stay focused with Pomodoro Timer<br>It logs distractions, aiding your concentration at work. Try our white noise feature for even better focus<br><br>üéØ Habit Tracker<br>Enable Habit in the Tab Bar and start building some good habits - meditation, exercise, or reading etc. Setting a goal to help track your habits and life in a more precise and scientific way. <br><br>‚òÅÔ∏è Sync across Web, Android, Wear OS Watch, iOS, Mac &amp; PC<br>You can view and manage them wherever you are to achieve your goals more efficiently.<br><br>üéôÔ∏è Create tasks and notes faster<br>Quickly generate tasks and notes with typing or voice in TickTick. Our Smart Date Parsing auto-sets due dates and alarms from your input, maximizing your productivity with our efficient time manager and to-do checklist.<br><br>‚è∞ Instant task to-do list reminder<br>Delegate your memory to TickTick. It records all your tasks, providing immediate to-do list reminders to help you get things done. With multiple alerts for vital tasks and notes, you&#39;ll never overlook a deadline again<br><br>üìÜ Sleek calendar<br>Enjoy a clean, easy-to-navigate calendar with TickTick. Visualize your schedule weeks or months ahead with our free Day Planner. Integrate third-party calendars like Google Calendar and Outlook for maximum efficiency<br><br>üì± Handy Widget<br>Get easy access to your tasks and notes by adding widgets to your home screen.<br><br>üîÅ Schedule recurring tasks effortlessly<br>Whether it&#39;s daily, weekly, or monthly, you can tailor the repetition, such as ‚Äúevery 2 weeks from Monday to Thursday‚Äù,  or ‚Äúproject meeting every 2 months on the first Monday‚Äù<br><br>üë• Seamless collaboration<br>Share lists and assign tasks to family, friends, or colleagues, reducing time spent in meetings or emails and enhancing productivity in teamwork.<br><br>What to enjoy more at TickTick Premium?<br>‚Ä¢ Choose from a variety of beautiful themes<br>‚Ä¢ View business calendar in grid format (better than in other time management apps)<br>‚Ä¢ Take ultimate control of 299 lists, 999 tasks per list, and 199 subtasks per task<br>‚Ä¢ Add up to 5 reminders to each task<br>‚Ä¢ Share a task list planner with up to 29 members<br>‚Ä¢ Use the checklist format and type a description in the same task<br>‚Ä¢ Subscribe to third-party calendars and day planners in TickTick<br><br><br>Learn more about at: ticktick.com<br><br>Connect with us at<br>Twitter: <u>@ticktick</u><br>Facebook &amp; Instagram: @TickTickApp <br>Reddit: r/ticktick","Your second brain for organizing your life: to-do, calendar, reminder.","5,000,000+",5000000,7354348,4.6204743,131431,6959,"[5736, 2953, 3278, 11480, 107960]",0,True,USD,False,,,,True,$0.99 - $35.99 per item,TickTick Limited,7269704759597705101,support@ticktick.com,https://ticktick.com,"2035 Sunset Lake Road
Newark
Delaware
US",https://ticktick.com/about/privacy,Productivity,PRODUCTIVITY,"[{'name': 'Productivity', 'id': 'PRODUCTIVITY'}]",https://play-lh.googleusercontent.com/JkYolPNuRAlrXEI9vlk-XOid3VFJ0IPjDj2eM_xrriuE3Zu8IX9cuMkI7JOTw1upNxbW,https://play-lh.googleusercontent.com/m-kwaaJEP_P6AxH0sZhYkIndvdO45YAyKpH4ANPDQHuKSkIN2ak0BSaErfvg8kv_gA-J,"['https://play-lh.googleusercontent.com/U1ZauF_pNChXO9sE2Y8ilJLoJHrIcUlRucF5dSw_pOV_AN1bHL1S1_m8qj2HvDEt7Vg', 'https://play-lh.googleusercontent.com/LGw7SWtllRK99TzcllpKBzaiizBrkneh8SdV1tEijwgA8cByxaAPv-t24WW-3BrNtFs', 'https://play-lh.googleusercontent.com/9IVzhrnWfx5__LzdoTo_X05dTJkw9XiLDBeqZSFeryxo7_G87Bo15sL9P4erqJSVk6M', 'https://play-lh.googleusercontent.com/Fn1wmYSkhmPIyphodsnq8ZQxRqdTV7jZoGPuhCxRZkCZJs_Sud2CzFvj-wBaKoLgsKY', 'https://play-lh.googleusercontent.com/Su1eF8iAdrkWsMisU_V8dDKS4oHN64KNW2ej3UFY5mwNMZb97Uftyi_nE8PcFchY0N0', 'https://play-lh.googleusercontent.com/qDIlgw1pQxnSMsY-8rPSmOdzI3fSvykr5OZzW1t_5VrE11IzsivwIcDWCg0l2qAnXA', 'https://play-lh.googleusercontent.com/zrr95bABk2rggEY_VmHqnSYCcWYLcRIvrX45FEgL9bAJW1H7pQXei0WEID5Sjrr65g', 'https://play-lh.googleusercontent.com/7iGdpOGMuRctrRA1TRIiLlHtHX9qpxsXn4cu6fnl5Fml0T_KEf4cfX-sQpbrk7ham6Q', 'https://play-lh.googleusercontent.com/XypoU2h0J9uC9mwyGWXHppCGym_z-OZcdQ-mUC44QmCr-jAbv6HtYNiwqx31Yq_usA', 'https://play-lh.googleusercontent.com/CYsMg5yE4ZltBWsiQ8oEP4JICEYuuDq0HMkm5uPK7g0yVKUzR2yXRbvmFvx-ILlRK3w', 'https://play-lh.googleusercontent.com/Ct_P8UZSs0kF250EV28ubzGlQQLOl9YeDe6t7sD65XRUfYUvxo2fpuQ8Ee79C-BohiM', 'https://play-lh.googleusercontent.com/Ja2ME6ea_veTjfAdSxIG9U2mozkBFbpE4ot0XUAXJRJi4ejuKIV2YG1eXygfcCEprzk', 'https://play-lh.googleusercontent.com/jaZRz51uTgZAao4WQ62HO-063yiryxiNZxNv-T5TSAKotthaiJAeycLEV9ocY9XMmQ', 'https://play-lh.googleusercontent.com/8QVk3Ur6QXQxExqGE2tcwBx_6KUFT9COJCJWWcvHdtejcFbYYEFsEm8FmDWGCXQJxQ', 'https://play-lh.googleusercontent.com/BLQt3ck6ux5ByKvnmlFDwtDJCs7RbFWIWsQ7vYFua47V921CP4HTZDyIM2oQee1wKxg', 'https://play-lh.googleusercontent.com/AsDqpWKvGqqZEd0PxDWOmDGiyYnXBRJps0zSTkgEx-MuXjcslPfQjawWgvGt09wEZFA', 'https://play-lh.googleusercontent.com/QO2yBb6NNsqMU4UxuR_EpSW94PEW8yMw46VvQg70U4JNP3eMQrNFa9kSdWgf3LWJs32y', 'https://play-lh.googleusercontent.com/s5xiLMwmWw0uhfTbyhC-b1i9yeHKac5PhtyRG1Jo5ttqetMD-vqAPX3kdwAgznqzGw', 'https://play-lh.googleusercontent.com/z0-AYY6I-Httc59JkkKMim2jA6vR6B8nkkLlZgereDxDuDliNIxFRg8t21bGZFJTGw4', 'https://play-lh.googleusercontent.com/jKI5cHjlF12mktcFEfKvwpwUFxD_zNvVCTCN-yILfAFp8JeBSgr8wnRmxuEVtpk-MQ', 'https://play-lh.googleusercontent.com/7j3nhLvooaV3L4INo4wpZfNCGZkzRKblakMMafRI_iWqQRePdJDGZnlcxgCW0jhogQ']",,,Everyone,,False,False,"Jun 19, 2013","Jul 25, 2024",1721904820,Varies with device,com.ticktick.task,https://play.google.com/store/apps/details?id=com.ticktick.task&hl=en&gl=us
Habitica: Gamify Your Tasks,"Habitica is a free habit-building and productivity app that uses retro RPG elements to gamify your tasks and goals.
Use Habitica to help with ADHD, self care, New Year‚Äôs resolutions, household chores, work tasks, creative projects, fitness goals, back-to-school routines, and more!

How it works:
Create an avatar then add tasks, chores, or goals you‚Äôd like to work on. When you do something in real life, check it off in the app and receive gold, experience, and items that can be used in-game!

Features:
  ‚Ä¢ Automatically repeating tasks scheduled for your daily, weekly, or monthly routines
  ‚Ä¢ Flexible habit tracker for tasks you want to do multiple times a day or only once in awhile
  ‚Ä¢ Traditional to do list for tasks that only need to be done once
  ‚Ä¢ Color coded tasks and streak counters help you see how you‚Äôre doing at a glance
  ‚Ä¢ Leveling system to visualize your overall progress
  ‚Ä¢ Tons of collectable gear and pets to suit your personal style
  ‚Ä¢ Inclusive avatar customizations: wheelchairs, hair styles, skin tones, and more
  ‚Ä¢ Regular content releases and seasonal events to keep things fresh
  ‚Ä¢ Parties let you team up with friends for extra accountability and battle fierce foes by completing tasks
  ‚Ä¢ Challenges offer shared task lists you can add to your personal tasks
  ‚Ä¢ Reminders and widgets to help keep you on track
  ‚Ä¢ Customizable color themes with dark and light mode
  ‚Ä¢ Syncing across devices


Want even more flexibility to take your tasks on the go? We have a Wear OS app on the watch!

Wear OS features:
  ‚Ä¢ View, create, and complete Habits, Dailies, and To do‚Äôs
  ‚Ä¢ Receive rewards for your efforts with experience, food, eggs, and potions
  ‚Ä¢ Track your stats with dynamic progress bars
  ‚Ä¢ Show off your stunning pixel avatar on the watch face


‚Äî


Run by a small team, Habitica is an open-source app made better by contributors who create translations, bug fixes, and more. If you‚Äôd like to contribute, you can check out our GitHub or reach out for more information!
We highly value community, privacy, and transparency. Rest assured, your tasks remain private and we never sell your personal data to third parties.
Questions or feedback? Feel free to reach us at admin@habitica.com! If you‚Äôre enjoying Habitica, we‚Äôd be thrilled if you leave us a review.
Start your journey towards productivity, download Habitica now!","Habitica is a free habit-building and productivity app that uses retro RPG elements to gamify your tasks and goals.<br>Use Habitica to help with ADHD, self care, New Year‚Äôs resolutions, household chores, work tasks, creative projects, fitness goals, back-to-school routines, and more!<br><br>How it works:<br>Create an avatar then add tasks, chores, or goals you‚Äôd like to work on. When you do something in real life, check it off in the app and receive gold, experience, and items that can be used in-game!<br><br>Features:<br>  ‚Ä¢ Automatically repeating tasks scheduled for your daily, weekly, or monthly routines<br>  ‚Ä¢ Flexible habit tracker for tasks you want to do multiple times a day or only once in awhile<br>  ‚Ä¢ Traditional to do list for tasks that only need to be done once<br>  ‚Ä¢ Color coded tasks and streak counters help you see how you‚Äôre doing at a glance<br>  ‚Ä¢ Leveling system to visualize your overall progress<br>  ‚Ä¢ Tons of collectable gear and pets to suit your personal style<br>  ‚Ä¢ Inclusive avatar customizations: wheelchairs, hair styles, skin tones, and more<br>  ‚Ä¢ Regular content releases and seasonal events to keep things fresh<br>  ‚Ä¢ Parties let you team up with friends for extra accountability and battle fierce foes by completing tasks<br>  ‚Ä¢ Challenges offer shared task lists you can add to your personal tasks<br>  ‚Ä¢ Reminders and widgets to help keep you on track<br>  ‚Ä¢ Customizable color themes with dark and light mode<br>  ‚Ä¢ Syncing across devices<br><br><br>Want even more flexibility to take your tasks on the go? We have a Wear OS app on the watch!<br><br>Wear OS features:<br>  ‚Ä¢ View, create, and complete Habits, Dailies, and To do‚Äôs<br>  ‚Ä¢ Receive rewards for your efforts with experience, food, eggs, and potions<br>  ‚Ä¢ Track your stats with dynamic progress bars<br>  ‚Ä¢ Show off your stunning pixel avatar on the watch face<br><br><br>‚Äî<br><br><br>Run by a small team, Habitica is an open-source app made better by contributors who create translations, bug fixes, and more. If you‚Äôd like to contribute, you can check out our GitHub or reach out for more information!<br>We highly value community, privacy, and transparency. Rest assured, your tasks remain private and we never sell your personal data to third parties.<br>Questions or feedback? Feel free to reach us at admin@habitica.com! If you‚Äôre enjoying Habitica, we‚Äôd be thrilled if you leave us a review.<br>Start your journey towards productivity, download Habitica now!",Treat your life like a game to stay motivated and organized!,"5,000,000+",5000000,5498354,4.7267637,43692,3251,"[1022, 292, 1072, 4790, 36498]",0,True,USD,False,,,,True,$0.99 - $47.99 per item,"HabitRPG, Inc.","HabitRPG,+Inc.",mobile@habitica.com,https://habitica.com,"11870 Santa Monica Blvd.
Suite 106-577
Los Angeles, CA 90025",https://habitica.com/static/privacy,Productivity,PRODUCTIVITY,"[{'name': 'Productivity', 'id': 'PRODUCTIVITY'}]",https://play-lh.googleusercontent.com/js9LcEDMPaWBLW-kX6zrCxVwKDKTsvQRgIubQnZB0wQs4NfNcxPkNlXQOpIDXKX0y5Y,https://play-lh.googleusercontent.com/tmrmYlGXG9ArvMix7O44SLcACyFkf5JqqUwxyiBZf5b7c8_QHLk1U9VI7jp-o763Of4,"['https://play-lh.googleusercontent.com/ZgSib0u9EOmatzt3KRsmUS6Kr5f6JTv1A55F7Sg8oO2gyh4ZhAACxpuLKwAM9EanZ2o', 'https://play-lh.googleusercontent.com/zx0FOdp0EoD-vegwAZlLxCuXcl8iriN7TFdogL5rFVQJ-LGZFFT34RcBFH1fM5Yogv0', 'https://play-lh.googleusercontent.com/tn6V-_7LotGrqB2WTvpSj0luHkQt28gJidrfaIh3mxwZRafjo5JmezvVsqp5pqEV8Lu-', 'https://play-lh.googleusercontent.com/0t6UOqURwLgGNWr9kSNzfW_dSapjYGI1-b9YBZPxeRrmnj2Erng1yZs2KVunpwMEnQc', 'https://play-lh.googleusercontent.com/2YSJSCzJlTzQaHULpWtVvQ42syFKXsCEcCTpew6QonrKa95Qn6H40XdUAy3aLfZ2gVI', 'https://play-lh.googleusercontent.com/fMn7bMgwxG6Yj3S4p-5sdZOoCXITKhk9jnRLxjQmBys26j6Uiiv6SxT8guSafciPm6w', 'https://play-lh.googleusercontent.com/epzICK7qWSJarmoCaH2hBtgh6tqVSp4qudZvUgD35gyPwpNrhPQZjZ-gRSG-nLwXrIrJ', 'https://play-lh.googleusercontent.com/pqrITFc8o-NxCqukRKyTqKVnbADdQBtQavCiHEipQt6PTmcyqCtCNpEtAuw5tFpy6f8', 'https://play-lh.googleusercontent.com/JlI3s5lYjk81j4Hiw9XgnfAYsVE-1xDiJphX_SgonovX2iWskVIhAhQjbVqBcII2J_I', 'https://play-lh.googleusercontent.com/x9hTWGWK8qBrQfMa1Re-uivdiXXxstz2GEklHArEnjLgUhbvWvV6XyZORFc5QmFC_QUP', 'https://play-lh.googleusercontent.com/lj07l4XhsGKE54x5d1Oqt6a9fSt2xj2x5lFdY4hH3vgJ3vZBWDrTSqZNWLbltZMPWOc', 'https://play-lh.googleusercontent.com/Q87NUK4pZiNRfyg8omLtuyVFCwGHPpRwtNZwyr2pCPqKNzREDkKJzQdt2emA5ooQxM-4', 'https://play-lh.googleusercontent.com/EDE-_NF9GdqydqeOS3LcvN8TFMV-TK1de348eW5XkhQVceZ83kMu65eHPZZrpiYUOQ']",,,Everyone,,True,True,"Dec 10, 2015","Jun 25, 2024",1719329803,Varies with device,com.habitrpg.android.habitica,https://play.google.com/store/apps/details?id=com.habitrpg.android.habitica&hl=en&gl=us
Forest: Focus for Productivity,"Can't stop scrolling? Lack of self-control? Forest is the solution that has the cutest focus timer to help you stay focused and boost productivity!

<b>‚òÖ 2018 Google Play Editors‚Äô Choice Top Productivity App‚òÖ</b>

<b>‚òÖ 2018 Google Play Best Self-improvement app in 9 countries, including, Canada, France, Japan, Korea and more!‚òÖ</b>

<b>‚òÖ Google Play 2018 Best Social Impact App Nomination‚òÖ</b>

<b>‚òÖ Google Play 2015-2016 Best App of the Year‚òÖ</b>

Plant a seed in Forest when you need to put down your phone and stay focused to get your to do list done.

As you stay focused, this seed will gradually grow into a tree. However, if you cannot resist the temptation of using your phone and leave the app, your tree will wither.

The sense of achievement while seeing a flourishing forest with each tree representing your dedication motivates you to reduce procrastination, and helps you build a good habit of time management!

<b>Motivation and Gamification</b>

- Grow your very own forest with each tree representing your effort.
- Earn rewards by staying focused and unlocking adorable trees!

<b>Multiple Focus Modes</b>

- Timer mode: Set your focus session and dive into your work or study flow, or apply Pomodoro technique.
- Stopwatch mode: Start and stop at any time. Count-up timer works great as a habit tracker.

<b>Personalized Experience</b>

- Planting Reminder: Remind yourself that it is time to keep your phone down!
- Custom Phrases: Motivate yourself with your favorite quotes and inspiring words!

<b>Forest Premium</b>

- <b>Statistics:</b> More insightful statistics of your focused time to tailor your focus habits.
- <b>Plant Together:</b> Stay focused with your friends and family anytime and anywhere.
- <b>Plant Real Trees:</b> Plant real trees on Earth to make the world greener!
- <b>Allow Lists:</b> Create personalized Allow Lists for different situations. Non-allowed apps will be blocked.

<b>Exclusive Events on Different Servers:</b> Enjoy various special events customized for different servers/regions.

<b>Download Forest for FREE now to focus on your goals in life and be a better self!</b>

<b>Social Media</b>

Connect with us on Instagram(@forest_app), Twitter(@forestapp_cc), and Facebook(@Forest). Stay tuned for updates and special events!

We also have a chrome extension. Find out more at <a>[www.forestapp.cc](http://www.forestapp.cc/)</a>!

NOTICE

- With the Pro version, Forest can be accessed across all your Android devices.
- Downloading a non-Android version of Forest requires a separate purchase.
- Your data can be synchronized across all platforms by logging in with the same account.
- Due to budget constraints, the number of real trees each user can plant is limited to five.

Permissions Explained: <a>[https://www.forestapp.cc/permissions/en/](https://www.forestapp.cc/permissions/en/)</a>

Sound Design: Shi Kuang Lee","Can&#39;t stop scrolling? Lack of self-control? Forest is the solution that has the cutest focus timer to help you stay focused and boost productivity!<br><br><b>‚òÖ 2018 Google Play Editors‚Äô Choice Top Productivity App‚òÖ</b><br><br><b>‚òÖ 2018 Google Play Best Self-improvement app in 9 countries, including, Canada, France, Japan, Korea and more!‚òÖ</b><br><br><b>‚òÖ Google Play 2018 Best Social Impact App Nomination‚òÖ</b><br><br><b>‚òÖ Google Play 2015-2016 Best App of the Year‚òÖ</b><br><br>Plant a seed in Forest when you need to put down your phone and stay focused to get your to do list done.<br><br>As you stay focused, this seed will gradually grow into a tree. However, if you cannot resist the temptation of using your phone and leave the app, your tree will wither.<br><br>The sense of achievement while seeing a flourishing forest with each tree representing your dedication motivates you to reduce procrastination, and helps you build a good habit of time management!<br><br><b>Motivation and Gamification</b><br><br>- Grow your very own forest with each tree representing your effort.<br>- Earn rewards by staying focused and unlocking adorable trees!<br><br><b>Multiple Focus Modes</b><br><br>- Timer mode: Set your focus session and dive into your work or study flow, or apply Pomodoro technique.<br>- Stopwatch mode: Start and stop at any time. Count-up timer works great as a habit tracker.<br><br><b>Personalized Experience</b><br><br>- Planting Reminder: Remind yourself that it is time to keep your phone down!<br>- Custom Phrases: Motivate yourself with your favorite quotes and inspiring words!<br><br><b>Forest Premium</b><br><br>- <b>Statistics:</b> More insightful statistics of your focused time to tailor your focus habits.<br>- <b>Plant Together:</b> Stay focused with your friends and family anytime and anywhere.<br>- <b>Plant Real Trees:</b> Plant real trees on Earth to make the world greener!<br>- <b>Allow Lists:</b> Create personalized Allow Lists for different situations. Non-allowed apps will be blocked.<br><br><b>Exclusive Events on Different Servers:</b> Enjoy various special events customized for different servers/regions.<br><br><b>Download Forest for FREE now to focus on your goals in life and be a better self!</b><br><br><b>Social Media</b><br><br>Connect with us on Instagram(@forest_app), Twitter(@forestapp_cc), and Facebook(@Forest). Stay tuned for updates and special events!<br><br>We also have a chrome extension. Find out more at <a>[www.forestapp.cc](http://www.forestapp.cc/)</a>!<br><br>NOTICE<br><br>- With the Pro version, Forest can be accessed across all your Android devices.<br>- Downloading a non-Android version of Forest requires a separate purchase.<br>- Your data can be synchronized across all platforms by logging in with the same account.<br>- Due to budget constraints, the number of real trees each user can plant is limited to five.<br><br>Permissions Explained: <a>[https://www.forestapp.cc/permissions/en/](https://www.forestapp.cc/permissions/en/)</a><br><br>Sound Design: Shi Kuang Lee",Stay focused on your goal or to dos and get motivated with Pomodoro timer,"10,000,000+",10000000,36670343,4.672,680007,9054,"[21002, 9871, 15573, 78136, 555373]",0,True,USD,False,,,,True,$0.99 - $18.99 per item,Seekrtech,8375803120194789677,android.support@forestapp.cc,https://forestapp.cc/,"28F., No. 218, Sec. 2, Taiwan Blvd., West Dist., Taichung City 403, Taiwan (R.O.C.)",https://www.forestapp.cc/privacy,Productivity,PRODUCTIVITY,"[{'name': 'Productivity', 'id': 'PRODUCTIVITY'}]",https://play-lh.googleusercontent.com/NWRVVF6zXvmcqspJwdFOKcQG6OlsNwpMOxED_DgB6B2BBDeWwAeWZKZxGhgqU0LQVJU,https://play-lh.googleusercontent.com/i5IqVz2T8CxrBgaB8HbsoeNIge3b1zFtFAmbNh003gwaEZ4mpT_6cuB2BTpUaKPHsACs,"['https://play-lh.googleusercontent.com/dEnUOfMz3s2ukXupp7NNBzUVEk-EBmJXcUOUtC8szgcmeMYBeyd81Kxp6g0osYjZ2So', 'https://play-lh.googleusercontent.com/yrz-UCJenfNvePJWyiA8_07xp5zB6QIFuo9XqGA_b0jRfr-rGZvVOva5iP55EJYFkxI', 'https://play-lh.googleusercontent.com/bxUGmaLmfPG4Sl4vg_VA5cSs_BVd5DV1_2gHaBXgEqCe1oWuZau66YmU1TrLfRVbEno', 'https://play-lh.googleusercontent.com/6P-TOEJout2fedC_bEg74jiPvW3_fafDaFRB6ARojuzmbCZc1MaxKnw9_VRCOAKiTw', 'https://play-lh.googleusercontent.com/JmLFrdzrrmMOLpM_T_urcwQYYb4L2Bta4oKUzG5LGVGqyg1hWimuRgUXw-XRufqEo75O', 'https://play-lh.googleusercontent.com/fBe6tmI932U00WXMLe_w6pcNHPqR5zlNuMmuQlW3QJ6-qxtH7lIHgeH6q1KxiOB0GQ', 'https://play-lh.googleusercontent.com/-BXPwwkE88xVCtULNM_vzz6BcOg0o5cMDNKH0rTnOC9VDfP-fGi2a5XlGIXqTcxQHQ']",,,Everyone,,True,True,"Aug 25, 2014","Jul 11, 2024",1720683303,4.77.4,cc.forestapp,https://play.google.com/store/apps/details?id=cc.forestapp&hl=en&gl=us
